"","estimate","ci.lb","ci.ub"
"phi",-0.146931203255162,-0.342503796534995,0.0633092130551398
"rho",-0.234629306764673,-0.370613360684231,-0.0896378146317612
