"","estimate","ci.lb","ci.ub"
"phi",0.628723081481601,0.484293012563247,0.741524406067784
"rho",0.533797331945415,0.408004570043999,0.639802408365936
