"","estimate","ci.lb","ci.ub"
"phi",-0.0282516996709445,-0.243905999433959,0.19314320052159
"rho",-0.152056814555052,-0.294595248137451,-0.00395157067728482
