"","estimate","ci.lb","ci.ub"
"phi",0.480457730373224,0.286292833001584,0.635778405516157
"rho",0.371529514562261,0.209772352981368,0.512945240187664
