"","estimate","ci.lb","ci.ub"
"phi",0.468417077223933,0.271110936392031,0.62694965279003
"rho",0.463321501650217,0.316986508627466,0.586474878862272
