"","estimate","ci.lb","ci.ub"
"phi",0.628723081481601,0.484293012563247,0.741524406067784
"rho",-0.234629635355186,-0.370613666114692,-0.0896381068029292
