"","estimate","ci.lb","ci.ub"
"phi",0.348651791067581,0.0946997188199284,0.575565305385198
"rho",-0.098123757500637,-0.272174299353284,0.0797402536323609
