"","estimate","ci.lb","ci.ub"
"phi",0.651090040224201,0.518408400945736,0.754425376544093
"rho",0.502005945032621,0.379824750739105,0.607224174971386
