"","estimate","ci.lb","ci.ub"
"phi",-0.118366234711236,-0.314882010842543,0.0906644147870482
"rho",-0.230079080600631,-0.362827045230224,-0.0889549378379021
