"","estimate","ci.lb","ci.ub"
"phi",0.650589300936425,0.51894566213906,0.753324910473006
"rho",0.491603343521661,0.366670832472413,0.599401605792057
