"","estimate","ci.lb","ci.ub"
"phi",-0.1542210001309,-0.347395980649191,0.0541212899593584
"rho",-0.219160533624303,-0.351054541653011,-0.0795763087122815
