"","estimate","ci.lb","ci.ub"
"phi",-0.117266669311178,-0.31321627447844,0.0908608068164342
"rho",-0.220088037452144,-0.353723738491062,-0.0783923878568446
