"","estimate","ci.lb","ci.ub"
"phi",-0.112602898272791,-0.309642421651888,0.0965112076649085
"rho",-0.220378517356212,-0.354315580053105,-0.078345261086103
