"","estimate","ci.lb","ci.ub"
"phi",0.658540465515866,0.528395683796938,0.759699117219058
"rho",0.487345415487183,0.362358168040361,0.595409068778099
