"","estimate","ci.lb","ci.ub"
"phi",0.654653836013817,0.52377835294998,0.756532532914442
"rho",0.495164643145069,0.370910392418408,0.602278968113706
